1,3,follow
1,5,like
1,20,follow
1,23,like
1,25,follow
1,27,like
2,6,follow
2,7,like
2,10,follow
2,12,follow
2,14,like
2,15,follow
2,18,like
2,20,like
3,15,like
3,19,follow
3,22,like
3,27,follow
4,2,like
4,6,follow
4,10,like
4,12,follow
4,14,follow
4,16,like
4,16,follow
4,21,follow
5,3,follow
5,6,follow
5,7,like
5,8,follow
5,9,like
5,1,like
5,13,follow
5,15,like
5,17,like
5,19,follow
5,21,like
5,26,like
6,2,follow
6,8,like
6,14,follow
6,20,follow
6,23,follow
6,24,like
6,26,like
6,28,like
7,2,like
7,3,follow
7,4,follow
7,5,like
7,9,follow
7,13,follow
7,25,follow
7,27,like
7,29,follow
7,30,like
8,6,follow
8,10,follow
8,19,follow
8,24,follow
8,30,follow
9,3,like
9,7,like
9,13,follow
9,19,like
9,23,like
9,26,like
10,2,follow
10,4,like
10,12,like
10,14,like
10,20,like
10,21,follow
11,9,follow
11,15,follow
11,18,follow
11,21,like
11,25,follow
11,26,follow
12,22,like
12,24,like
12,26,follow
13,3,follow
13,9,like
13,10,follow
13,11,like
13,12,follow
13,15,follow
13,17,follow
13,19,follow
13,27,follow
14,4,like
14,6,follow
14,8,follow
14,12,follow
14,17,follow
14,18,follow
14,28,like
15,3,follow
15,17,follow
15,19,like
15,27,follow
16,6,follow
16,9,like
16,10,follow
16,18,like
17,19,follow
17,28,follow
17,29,like
18,9,follow
18,14,like
18,16,follow
18,22,follow
19,3,like
19,11,like
19,15,like
19,21,like
19,23,follow
20,6,follow
20,8,follow
20,14,follow
20,16,follow
20,19,like
20,28,follow
20,30,follow
21,1,like
21,10,follow
21,17,follow
21,19,like
21,20,follow
21,22,like
21,23,like
22,2,follow
22,4,like
22,8,follow
22,10,like
22,20,like
22,23,follow
22,24,follow
23,1,like
23,5,follow
23,17,like
23,19,like
23,20,like
23,21,like
23,27,follow
23,28,follow
23,29,like
24,1,follow
24,2,follow
24,4,follow
24,8,like
24,8,follow
24,11,like
24,12,follow
24,16,like
24,22,follow
24,27,like
24,30,follow
25,9,follow
25,13,follow
25,15,follow
25,17,follow
25,29,like
26,2,follow
26,3,follow
26,4,follow
26,8,like
26,10,follow
26,15,like
26,16,follow
26,18,follow
26,20,follow
26,24,like
26,25,like
27,5,follow
27,11,like
28,3,like
28,4,follow
28,8,follow
28,20,follow
28,12,like
28,16,follow
28,18,like
28,24,follow
29,7,like
29,9,follow
29,10,follow
29,11,follow
29,15,like
29,17,follow
29,25,follow
29,27,like
29,30,follow
30,1,follow
30,2,follow
30,4,follow
30,18,follow
30,22,like
30,28,follow